"","title","point","review"
"1","히트맨","10","탐정 보는 느낌완전 재밌어요 :-)"
"2","점쟁이들","7","끝으로 갈수록 힘이 빠지는 감이 있지만, 오컬트 호러와 코믹을 한국 감성에 버무려 만들어 내는데 이정도 퀄리티면 꽤 준수하다 봄. 좀더 무서웠으면 하는 아쉬움과 흥미로운 소재들을 좀더 활용하지 못한 아쉬움이 약간 있다"
"3","다만 악에서 구하소서","10","간만에 시간가는줄모르고본 한국영화"
"4","침묵","10","좋네요 흥행되진 않았지만 스토리 탄탄하고좋아요."
"5","다만 악에서 구하소서","9","재미로 보면 굿. 스토리로 보면 허술."
"6","지니어스 독","10","동물 키워본 사람이라면 공감할 구석이 많은 영화!"
"7","레드: 더 레전드","8","오 재미없을 거 같아서 안보고 있다가 급 보고 싶어서 봤네요. 나쁘지 않은듯. 이병헌 너무 좋아!!!"
"8","기기괴괴 성형수","10","원작 그대로 나온듯.. 진짜 기괴하다 추천"
"9","매트릭스","10","깨어나면 매트릭스가 현실인걸 알것이다"
"10","지니어스 독","10","개가 뭐 이리 연기를 잘해 ㅋㅋ 킬링타임 굿"
"11","다만 악에서 구하소서","10","연기와 액션이 좋음. 재미있게 볼수 있음"
"12","오케이 마담","8","그냥 적당한 킬링타임용."
"13","지니어스 독","9","단순 반려견이 아니라 가족이자 친구인 헨리와 올리버ㅠㅠ 힐링될 수밖에 없쟈나 솔직히"
"14","테넷","10","2틀 연속으로 두번 봤는데 여전히 장면의 이해가 어렵다. 그래도 재미는 있음."
"15","김복남 살인사건의 전말","10","넌. 너무 불친절햐...서영희님 연기최고였습니다다섯번은 본거같네요한국스릴러 역사상이런작품 드물다고 생각합니다"
"16","투모로우랜드","7","그때는 재밌었지만, 지금은 유치하다..."
"17","뉴 뮤턴트","9","볼만하네"
"18","23 아이덴티티","9","제임스 맥어보이는 진짜 ㄹㅈㄷ 안야 너무 예쁨.."
"19","다만 악에서 구하소서","10","황정민 박정민 연기략 좋구요박정민님 연기 상콤합니다이정재님 정말 집착쩌는 살인마 연기장난 아닙니다.영화를 연기력으로 본거 같아요"
"20","테넷","10","영화 다 보고 오빠 왈, “영화를 보러왔는데 왜 영화관을 나가고있지..”"
"21","고스트 라이더 3D : 복수의 화신","1","15분 보다 껐습니다.. 이게 영환가...?"
"22","다만 악에서 구하소서","6","이따위로 만들거면 만들지마라몬 영화가 스토리가 없냐 ㅡㅡ그냥 죽이기 땡"
"23","시간이탈자","6","이 영화의 제일 큰 실수는 80년대 학교상황을 조사하지 않고 제작했다는것.... 1983년부터는 전국이 교복자율화되어서 다 교복을 안 입었습니다. 근데 영화는 교복 계속 입고 있네요. 1983년에 중1이었는데 교복을 고등학교 졸업까지 못 입었습니다. 교복이 폐지되었거든요"
"24","테넷","10","아 정말 믿고보는 놀란작품사운드랑 화면때문에꼭 영화관에서 봐야됩니다"
"25","룩 어웨이","10","이 영화는 표면적으로 드러나는 스토리보다는 뒤에서 감독이 전달하고자 한 감춰진 내용까지 봐야지 비로소 제대로 된 내용을 이해할 수 있는 영화이다."
"26","스파이","8","설경구, 문소리는 두말할 필요 없고 스토리는 약간 뻔하지만 재미는 확실히 보장합니다."
"27","뉴 뮤턴트","6","산만하고 몰입감이 없는 전개.좋은 소재를 갖고 도대체 왜...?"
"28","기기괴괴 성형수","6","괜찮긴한데.. 진짜 기괴한 영화였어요.."
"29","뉴 뮤턴트","3","다크 피닉스 >뉴 뮤턴트"
"30","메피스토","10","나쁘지않아요 가족들과 봤어요"
"31","오! 문희","9","댓글 알바 아니구요 ㅎㅎ 저는 즐겁게 봤어요 치매를 소재로 해서 조금 마음아픈 부분도 있었지만연기도 잘하시고 웃으며 봤습니다."
"32","흥부: 글로 세상을 바꾼 자","1","감독이 역사책을 읽어 본 적이 없나? 너무나 괴랄한 민중봉기담.대비마마가 섹시댄스 출까봐 내가  걱정해야 하는 이유는?"
"33","기기괴괴 성형수","10","3D라서 좀 부자연스러웠고 성우연기와 조금 어울리지 않는 느낌이지만 재밌게 잘 봤다.마지막 쫓길 때 회상씬은 진짜 슬펐다.원작보다 잘 각색한 부분도 있고 조금 부족한 부분도 있었지만 국산 애니메이션으로 이렇게 고연령층을 위한 작품이 나왔다는 것으로 만족한다.+15세 치고 진짜 잔인하니까 마음 졸이면서 보는 거 추천ㅠ"
"34","내가 사랑했던 모든 남자들에게","10","스토리도 좋았고 ㅠㅠ 연기도 다 좋았다 설렘 폭탄이야... 지금껏 본 하이틴 영화중에 탑투에 들듯 너무 만족스럽고 재밌었다"
"35","테넷","10","진짜..보면서 소름돋았다. 러닝타임이길지만 전혀지루하지않고 대신 영화가 좀 어렵긴하지만 계속 집중해서보게된다."
"36","엔젤 오브 마인","10","재밌었다 .반전의 반전"
"37","오! 문희","6","배우들 연기 좋음. 스토리 라인은 충분히 예상 가능한 정도. 나름대로 현실을 반영하고 있음. 가볍게 코미디 영화로 볼만한데 멧돼지 CG는 좀 깼음..."
"38","가장 보통의 연애","10","소소한 일상의 연애이야기"
"39","테넷","10","이런걸 생각해낸 감독이 진짜 대단한것 같다 인셉션 이흐로 영화가 끝나고도 여운이 이렇게 길게 남는 영화는  오랜만인것 같다"
"40","사탄의 베이비 시터: 킬러 퀸","10","화끈한 B급 액션 호러 코미디"
"41","롱 리브 더 킹: 목포 영웅","10","개재미있음 진짜 재미있습니다^^"
"42","에이바","1","킬링타임도 진짜 아깝다"
"43","클래식","10","조승우의 감정 연기는 말로 할수 없다 그가 손예진을 웃겨 줄 때 나도 같이 웃고 있었다"
"44","2012","10","재난 영화중  탑에 꼽힐만하네요"
"45","시리어스 맨","6","아카데미 수상 영화 = 작품성은 높다고 할 수는 있으나, 재미는 없음."
"46","세상의 끝까지 21일","8","죽기 직전 어둠 속에서 사랑하는 사람과 마주 누워 대화하는 것. 지구 멸망이 가져다 준 사랑이라 지독하고 찰나에 지나지 않으며 눈물겹다."
"47","테스와 보낸 여름","9","""기쿠지로의 여름"" 같은 그런류의 힐링 영화. 나중에 또 볼 영화."
"48","더 파이브","1","이영화의 원제는 방심입니다.^^더 방심"
"49","소원","10","분하다... 피해자는 그 영구적인 장애를 볼 때 마다 생각날거 아니냐고... 너무 잔인하다 진짜... 우리 나라 법은 진짜 ㄱ같다"
"50","불사조, 비상하다","10","'올림픽에서는 영웅이 탄생하지만, 패럴림픽에는 영웅이 출전한다.'오프닝부터해서 보는 내내 떨리는 가슴을 멈출 수 없다. 이것은 신이 내린 인생의 시련을, 일대의 도전과제를 뛰어넘어 모두가 하나가 될 수 있는지 보여주는 휴머니즘의 생중계이다!"
"51","노 임팩트 맨","6","나는 자연인이다가 생각나네"
"52","다만 악에서 구하소서","6","황정민은  리암니슨 테이큰  이정재는 아저씨 원빈 검술생각남    영화가 생각남코로나 시국에  탑스타  보는거로 만족"
"53","천녀유혼 3 - 도도도","10","9점대를 만들기위해"
"54","뷰티풀 프래니","5","연기자들은 뛰어난 배우들인데 감독이 문제네"
"55","다만 악에서 구하소서","4","테이큰 + 한국산 신파 10자"
"56","스트리트 오브 파이어","7","ost 좋네.. 특히 시작하자 마자 나오는 노래 좋았다"
"57","재혼의 기술","9","아무생각없이 보았는데 생각보다 재미있네요."
"58","어쩌다 로맨스","9","그 기절했던 꿈에서 주고자 하는 메시지는날 좋아하는 남자한테 사랑해 란 말을 듣는 것도 아니고내가 좋아하는 남자한테 사랑해라고 말하는것도 아니고내가 나를 사랑하는걸 깨닫는거였음"
"59","다만 악에서 구하소서","10","황정민 이정재 액션도 액션인데 박정민 연기력 진짜..."
"60","공동경비구역 JSA","9","뭐라 말을 못 하겠다... 직접 보는 걸 추천. 명작"
"61","다만 악에서 구하소서","6","이정재와 황정민사이는 달콤한 인생에서 탑과 이병헌의 관계, 애기 구하는 과정은 아저씨.이정재 연기는 좋네요.황정민 액션은 의외긴한데둘의조합이 신세계 느낌이랑 달라서 좋았네요박정민은 연기 귀엽게 잘하네요.스토리는4점연기는8.9연출은5점"
"62","23 아이덴티티","8","제임스 맥어보이가 다한 영화 2시간은 금방 감... ㅋㅋㅋ 연기 덕분에"
"63","추억의 마니","10","사춘기 소녀의 정신적 성장을 도와준 마니..  다 보고나서 눈물조금 흘렸네요ㅠㅠ"
"64","퍼펙트맨","10","평점보고 볼까말까 했는데 의외로 재밌네요재미, 감동 밸런스가 괜찮습니다연기력이야 뭐 워낙 베테랑 들이라 말할것도 없고 암튼 꽤 좋았던 영화"
"65","아디오스","5","줄거리만 보면 뭔가 있어 보이지만 정작 영화는 단순하다. 안전한 한국을 꿈꾸며."
"66","여곡성","9","리메이크까진 바라지도 않는다. 아니 오히려 리메이크로 원작 망치지말고 HD급 화질로 리마스터링이라도 해주세요 제발요.."
"67","마담 프루스트의 비밀정원","8","이 영화를 보면서 평소 알고있던 기억의 한조각이 정말 정답이었는가 왜곡된 부분은 없었나 생각해보게됐고, 또 안좋은 기억은 내가 만들어가는 행복한 기억으로 다시금 채워나가야한다는 것들 느꼈다. 인간은 망각의 동물... 그러나 희미해진 기억의 조각은 남아있기 마련이다. 그속에서 무엇을 건져내느냐에 따라 우리의 삶은 많이 달라질 수 있다는 걸 말하는 것 같다. 결말에서 주인공은 상처를 딛고 자신의 삶을 더 행복한 것들로 채워간게 아닐까 생각된다. 비록 어린시절, 가족간의 사랑 그리고 추억들을 잃었지만 앞으로 아이와 부인과 함께 더 좋은 추억들을 채워나가겠지. 그리고 이 영화를 보고나서 슈케트가 먹어보고 싶어졌다ㅋㅋ"
"68","룸싸롱 맛있는 서비스","7","김희정 이쁨"
"69","기묘한 가족","6","병맛 좀비 영화. 뭔 이런 영화가 있나 싶다."
"70","작은 아씨들","8","끝까지 보면서 제목이 주는 큰감동"
"71","서울역","1","진짜 개연성 1도 없는 OO같은 영화 군대에서 이거본 나 자신이 한심할정도"
"72","캐치 미 이프 유 캔","10","두번 봤는데도 너무 재밌어 OST도 너무 좋아 더룩오브러브.. 킨크스.. 무엇보다 레오나르도 디카프리오가 너무 잘생겼다 28살을 연기하는 17살을 연기하는 29살"
"73","연인","10","언제봐도 외설적임없이 깔끔한 스토리를 보여주며.,양가휘의 제인을 보는 눈빛하나하나가 그녀를 얼마나 사랑했는지를 잘 표현하며 연기했고 제인도 나이에 맞지않게 투명스러운눈빛을 잘연기해주어 30년이지난지금도보면 얼마나 세련돠영화인지를 보여준다. 그녀가 떠나는 배를 차안에서만 보는 그의 마음은 얼마나 저리고 아팠겠나...,"
"74","붉은 가족","9","응? 이건 무슨영화지? 이런영화가있었나? 심심한데 잠깐만보다가 잼없음 다른거봐야지...했다가 다보고 다시 마지막장면돌려보고 이렇게 댓글쓰고있음... 이런영화가 살아야하는데...안탑깝네... 지루하지않게 잘 봤고 다시금 북한공작원의 삶에 생각하게하는영화"
"75","원스 어폰 어 타임... 인 할리우드","6","레오 찌질한 연기 너무 잘 봤는데 아니 무슨 영화 줄거리 소개란에 있는 내용을 2시간동안이나 해요..이 감독 영화 본 적도 없고 배경지식도 없고 할리우드에 추억도 없어서 걍 ???한 영화였음근데 평점을 보니 추모의 의미도 있고 이 감독 영화를 오마주한 장면도 있다고 이런 것들을 알고있다면 재미는 있었겠지만 전 없었네요.. 그리고 너무 잔인해"
"76","#살아있다","6","다른 좀비 영화처럼 스케일이 크진 않는데실제 좀비가 나오면 평범한 사람들은 이렇게 행동할것같다 라는 생각을 하며감정이입하며 봄 기대 안하고 킬링타임용으로보면 볼만함"
"77","나를 찾아줘","8","평점이 너무 낮아 미뤘는데... 내용이 참...  찝찝한 스토리이며 영상도 얼추 비슷하게 잘 표현된거 같지만 연출부분이 그닥! 그 안에 지루함도 다소 존재하고! 낚시터 조연들의 연기 좋았음 그중 한명이 다소 과해서 분위기 흔들흔들, 유재명 연기 무서웠음, 이영애의 연기가 사치스럽지 않고 애절했으며 드라마보단 영화속에서의 절제된 연기가 그녀의 참이라 생각했음!"
"78","스파이","5","노잼중 최고노잼 속지마시길"
"79","허스토리","2","됐고요, 허스토리의 첫 잘못은 김희애씨 캐릭터의 스타일입니다. 딱 처음 봤을때부터 어색한 가발같은 단발머리에 커사튬같은 오버스러운 사각 안경태.. 정말 부자연스러움의 끝입니다."
"80","극한직업","2","이 영화보고 인생 배웠습니다 아.. 운이 중요하구나내가 실력이 좀 부족해도 운만 좋으면 대박날수있구나"
"81","사이비","2","사이비를 빙자한 정권까는 용도 그이상 그이하도 아님 장로는 mb 신문에 사대강 ㅎㅎ 2점도 아깝다"
"82","곡성(哭聲)","2","이게 무섭다고? 작품성이 있다고? 사람들을 자극할만한 불쾌한 요소 덕지덕지 발라놓고 흠.. 이쯤되면벌벌 떨겠지 하며 즐기고 있는 듯한 느낌임 시골마을에 대대로 내려오는 시골괴담을 짜집기해서 영화 만든것같은데 옛날 토요미스테리가 더 메세지 확실하고 잼나네요"
"83","뉴 뮤턴트","3","새롭게 이어나가지 못하고 끊겼다."
"84","다만 악에서 구하소서","10","14900원주고 방금 봤는데 돈 아깝지 않음..결말이 좀 달라다면 맘이 더 좋았을텐데ㅋㅋ박정민 칭찬이 많은데 인정하고 액션도 좋았음"
"85","피터팬","10","언제나 주변에도 말하고 그냥 말하지만 피터팬 2003년 작품은 정말로 정말로 5살때부터 스무 살인 지금까지여전히 내 인생작품 내 영원한 피터팬내 영원한 첫사랑 보고 또 봐도 최고야"
"86","#살아있다","2","욕나온다 욕나온다 또 욕나온다."
"87","버닝","1","..  영화를 공부로 생각하며  이 영화를 통해 무언가를 쳐느껴보려고 돋보기끼고 보는 극소수가 10점을 주는 듯 하다..  사람의 심리??  그냥 일기로 써라.  이걸 돈주고 보게하냐.. 욕이나오네..  예술이라 평하는 ㅂㅅ들이 더 문제다...  더러워.."
"88","다만 악에서 구하소서","6","킬링타임용 외국에서 찍은 아저씨 느낌다만 스토리가 빈약"
"89","굿모닝 에브리원","8","인생 목표에에 동기부여가 되는 영화"
"90","강철비2: 정상회담","2","말도 안되는게 첫째인데 완전 보면서 짜증나... 아니 힘없는 나라라고 강조하는 것같음.개 열받아."
"91","사냥의 시간","2","총싸움 한번안해봤나도박장도 털어놓고 빌빌대니 짜증나네"
"92","반도","10","강동원 이정현 권해요 김민재"
"93","황해","8","처음부터 끝까지 우중충한 분위기에 스토리는 그다지 재밌는지 모르겠다.연출이랑 연기때문인지 몰입도가 있다.티비나오면 몇번째 보는건지"
"94","테넷","10","알고나면 정말 치밀하게 짜여진 영화"
"95","돈 워리","6","현실적을 잘 만들었네요. 이 나라도 연예인 알콜광고 내보내지말고, 심각성을 깨달았으면 하네요. 멈추던가 마시던가 두개만 있죠. 알콜은 죽어야 끝나는 병입니다.  평범한 하루에 감사할줄 알자..."
"96","다만 악에서 구하소서","10","스토리가 없다는 둥 기대이하라는 둥 니들이 스토리 짜서 찍어봐요 그럼 얼마나 잘 만드나보게 좀 꼭 볼껀 다보고 뒷말들은...ㅉㅉㅉ"
"97","테넷","10","진짜 ㅈㄴ 재밌음 꼭 보셈 진짜 보고 감탄 했다 진짜로 진짜 복선이 장난이니고 아 걍 꼭 봐주세요 부탁이에요 진짜 존나 재밌어서 ㅈㄴ 흥분 돼오 OO 진짜 한 번 더 볼겁니다 인셉션 보고 난 후 알게 된 것 . 한 장면 하나하나 놓치지 마시고 꼭 보세요"
"98","베스트셀러","6","초중반 흥미롭고 반전도 있었는데 결말 갈수록 너무 억지스럽고기가차네"
"99","먼 훗날 우리","10","보고싶고 다시 그때로 돌아가고 싶어도... 이제는 그냥 가슴속에 묻어야하는...왜 이제와서 너란 사람이 소중했다는걸 깨달은걸까...딱 한마디라도 그녀에게 전해졌으면... 미안해..."
"100","내가 사랑했던 모든 남자들에게","10","안볼려했다가 많은분들이 보셔서 봤는데 꿀잼 원래 로맨스 안좋아하는편인데 잼나게 봤어요ㅎㅎㅎㅎ"
"101","한낮의 유성","10","아윽흑이게뭐에요 누가찐남주여도 슬퍼 진짜 짜증나 작가님 감독님 그냥 둘다만나면안돼요?"
"102","마이보이","8","마지막 드럼 장면의 기억을 지울수없다.."
"103","기다리다 미쳐","10","기가 막힌 타이밍.당신의 경험에 같은 시점에 같은 경험을 말하는 영화가 있으신가요?전 운좋게 이 영화 입니다.연출, 완성 필요 없이 추억 한가운데 자리 잡는 영화가 있더군요.저에겐 그게 이 영화 입니다.감사했습니다. 지금도 생각나게 해서"
"104","나쁜 녀석들 : 포에버","7","그러하리라 생각하며 머리를 비우고 편안하게 눈으로 본 영화. 그냥 눈이 즐거우면 되는거다. 그런데 왠일로 두 주인공의 외모는 생각보다 덜 나이들어 보이냐. 1편이 개봉된지 25년이 되었는데 그다지 세월의 흔적을 별로 느끼지는 못하겠다. 하지만 역시 액션 연기는 중년의 모습이 보이네. 에효... 조금 더 박진감 넘치는 액션을 기대했는데 그러지 못해 아쉬움이 남는다. 그리고 굳이 억지스런 스토리를 만들어 가는 것은 왠지 이 영화에 어울리지 않는 것 같은데. 그냥 때리고 부수고 터지고 깨지고 등등 그게 잘  어울릴 것 같은데, 왜~~? 주인공 배우가 나이먹은 중년이라서 그런 스토리를 만들었을까? 많이 어색했다. 윌 스미스에게 옛 연인과의 사이에 태어난 아들이 있었다니. 혹시라도 ""I am your father!"" 대사가 등장할까봐 살짝 긴장했다. 그런데 ""You are my son!"" 피식 웃지 않을 수 없네. 암튼 오랜만에 두 콤비 주인공을 다시 볼 수 있어서 반가웠고, 여기에 점수를 준다!"
"105","네온 데몬","1","진짜 시간아깝다 뭔말인지"
"106","후쿠오카","10","일상이 현재로만 구성되지는 않는다는 것. 과거의 일과 미래의 일, 알고 있는 것과 그렇지 못한 것, 타인의 삶. 특별한 사건이 없어도 일상은 그렇게 흘러간다."
"107","소셜노마드","10","희망이 없고 꿈이 없다고 느끼는 모든 분들에게 추천해주고 싶네요 인생 일단 저질러보는거죠?!"
"108","우리들의 일그러진 영웅","10","중학교 1학년개봉당시 학교 단체관람으로 본게 기억난다.30년가까이지나 다시보니 감회가 새롭다."
"109","다만 악에서 구하소서","2","알바들 애쓴다....에효"
"110","더 리더: 책 읽어주는 남자","10","내 인생의 영화.모든 고뇌를 담고 있고내 고뇌가 다른 사람에게 영화에게표현 되어있다는걸 발견 함에 있어서 오는안도감. 쾌감."
"111","지구를 지켜라!","10","추천받아서 봤음. 영화관 아니라고 대충보지 않기를 바람.. 즐기며 보다가 이거뭐야 하다가 역시 뻔해도 이런결말이 현실적이지 하다가 갑자기 진짜로?? 하는 스토리임. 배우분들 연기 너무잘하심ㅋㅋ 아주 급변하고 우울한 이시대에 와서야 굉장히 주목받을것"
"112","2012","6","주인공 죽길 바란영화는 처음"
"113","기기괴괴 성형수","4","기대했는데 애니메이션 움직임이나 더빙 모두미완성된 느낌입니다일본애니랑 비교했을때 수준이 많이 떨어지네요뭔가 기괴할거라 생각했는데 스토리도 진부하고시간내서 본 게 약간 억울할정도."
"114","하하하","5","배우들의 연기 말고는 다 별로"
"115","하우스 오브 왁스","10","진짜 숨도 못쉬고 펄떡펄떡 뛰면서 봤네요 호흡 곤란이 와요 너무 재밌어요"
"116","황해","10","재미 그레잇! 극장서 보고싶다"
"117","미 비포 유","2","죽음을 아주 교묘히 합리화 시키는기분 나쁜 영화"
"118","윤희에게","10","소리에 하루를 담은배우 희애 ..."
"119","콜 미 바이 유어 네임","1","하나부터 열까지 별로 이 영화를 봤다고 말하기도 싫음"
"120","붉은 바캉스 검은 웨딩","10","오인혜 이렇게 아름다운 아가씨가 떠나간게 너무 아쉽다. 하늘에서 평안하시길"
"121","러빙 빈센트","10","너무 좋아하는 반고흐의 그림이 살아 움직이는것 자체가 감동! 스토리도 좋아요"
"122","테넷","10","놀란의 영화는 항상 놀랍다. 영화 신세계 감명받아서 스무번도 넘게본지라 황정민 이정재의 다만악에서구하옵소서도 봤지만 테넷이 열배 백배는 재밌다고 생각함. 극단적으로 머리쓰는거 좋아하는 사람들은 테넷 추천"
"123","남자가 사랑할 때","7","스토리 진행률이 느린 감이 없지않아 있지만배우들의 연기로 꽉채운 영화 ,,"
"124","기기괴괴 성형수","10","와 왜 19금이 아닌지 의문.. 원작을 알고 봤음에도 잔인하고 무서웠음...ㅠ"
"125","#살아있다","2","이 영화.. 뭐하지는거지.."
"126","다만 악에서 구하소서","10","집에 어린딸이 있어서, 와이프가 이런 느와르 부류 영화를좋아하지 않아서, 핸드폰으로 유튜브 대여로 보긴했지만.. 이럴줄 알았으면 오천원 더내고 소장을 할껄.. 감독판언제나와요?"
"127","프로젝트 파워","1","재미없음 레알 노잼임."
"128","테넷","2","아 졸라 잼없고 지루한데 이딴걸 보나솔직히 이게 잼있다고? 다 알바들 같다"
"129","결백","10","안 알바아님 지금 캐치온에서 보고 있는데나도 모르게 눈물이 남 ㅠㅠ  엄마랑딸 연기잘함"
"130","미스터 주: 사라진 VIP","8","틀어놓고 나는 핸드폰 보고있었는데 우리집 개딸은 집중해서 잘 봄. 원래 티비에서 동물나오면 관심갖고 보는편인데 이 영화는 여러 동물들이 나와서인지 꽤 오랜시간 집중함ㅋㅋ"
"131","레옹 디 오리지널","10","최고의 영화"
"132","황해","10","하정우  연기 김윤식 카리스마"
"133","호텔 뭄바이","10","하.... 보는 내내 가슴 졸였다 실화라는게 소름의 소름 ㅠ올해본 영화중에 제일 몰입감있는 영화."
"134","테넷","10","미쳤다 라는 말밖엔... 그저 갓. 그나저나 엔딩 닐 너무 멋짐"
"135","겟 스마트","10","두 주연의 캐릭터가 잘 맞음. 보는 내내 미소지으며 본 영화."
"136","드림캐쳐","1","이게머야OO ㅠㅜ 반전있다더니 그냥 영화 보면 유추할수 있는거고,,시간아까우니 딴거보시길"
"137","인비저블 게스트","10","마지막장면 ...또봐도대단"
"138","카메라를 멈추면 안 돼!","9","ㅋx100"
"139","나는 전설이다","7","급전개가 다소 아쉬웠지만 여운이 남는다!!"
"140","지푸라기라도 잡고 싶은 짐승들","8","시간가는줄 모르고 재밌게 봤어요.. 스릴있고 배우들 연기력도 좋고 좋았어요"
"141","오! 문희","1","예고편만 보는대도 재미가 없다...."
"142","다만 악에서 구하소서","7","고구마 같은 영화~ 주인공과 악당을 구분 지을 필요가 없음. 대배우의 재능낭비..신세계를 기대하며 보면 안 됩니다."
"143","침입자","1","...??,,,,;;;"
"144","82년생 김지영","10","이 영화를 보기전에는 편견을 가지고 봤지만 본 후에는 정말 많은 생각이 드는 영화"
"145","롤러코스터","10","하정우 감독님 응원합니다~~~"
"146","뉴 뮤턴트","6","중반까진 그러려니 했는데 후반보고 읭 스러웠음 그냥 일리아나 역할이 매력있다는게 기억에 남음 그저 웃음뿐..ㅎㅎ"
"147","너의 결혼식","10","아무리첫사랑이래도 여친있는데 그렇게 둘이시간보내는게 맘에안들긴하지만 김영광 얼굴이 다함 ㅎㅎ 결말도맘에듬 그래서 너의 결혼식이구나"
"148","본 레거시","7","이렇다할 주제도 목적성도 없고 그렇다고 긴박하고 화끈한 액션이 있는 것도 아니다. 기존 시리즈와 별개로 보려해도 내용 전개에 전혀 상관없는 ""제이슨 본"" 내용을 굳이 삽입해버리니 런닝타임 중에도 비교만 될 뿐"
"149","#살아있다","1","이 영화를 볼 바엔 부산행을 240p로 다시 보는 게 낫습니다. 물론 부산행도 그리 훌륭한 작품에 속하진 않습니다."
"150","나를 구하지 마세요","10","잔잔한감동이 있어요요즘시대다들힘들게사는데 다시한번 삶의중요성을 깨우쳐주는 영화입니다아이들의 연기도 영화를보는재미에 또하나의 요소같아요영화가 끝나고 전체적은 맑은 배경이 아직도 기억에 남아요"
"151","다만 악에서 구하소서","7","애 엄마 애 납치되서 부들부들 하는데 그걸 하... 최”악” 의 장면"
"152","도가니","10","공유라는 배우는 정말 다양한 장르의 영화들이 있네요 필모에 .. 여운 남고 화나고 다하는 영화"
"153","앨빈과 슈퍼밴드: 악동 어드벤처","10","캐릭터도 귀엽고,웃기고,노래도 괜찮고,그냥...끝장난다."
"154","인랑","1","?!?!?!?!?!"
"155","패트리어트 - 늪 속의 여우","10","진짜 대작입니다 언제봐도 끌리는"
"156","테넷","10","이해하려 하지 말고 느끼려고 했습니다이런 생각을 하고 그것을 영화화한 놀란 감독이 대단합니다배우들도 과연 이해하고 연기를 할까,란 의문이 들었어요간만에 본 영화인데 재밌었어요"
"157","황해","10","보는중이라서 마무리는 모르겠지만 현재까진몰입도 짱"
"158","사랑을 놓치다","10","그냥 설명이 필요없는 수작"
"159","비치","10","레오영화를 왜 이제봤지?리즈시절모습이고 영화배경 연기 죽인다혼란스럽고 OOO기 눈빛부터 달라지네"
"160","더 임파서블","10","김토미...그대는 진짜 타고났어..."
"161","리메인","1","여러분 하나도 안나와요오"
"162","반도","1","이런 똥에다가 제 시간을 허비했다는게 너무 화가납니다. 이거보느니 차라리 불가리스를 먹고 일어나서 아침에 쾌변하고 그 똥을 20분간 보고 있겠습니다.인생 최악입니다."
"163","모노노케 히메","10","예고편TV에 나오는거보고 봤는데 겁나재밌음"
"164","다만 악에서 구하소서","10","몰입도가 장난아니네요 ㄷㄷㄷ역시 믿고보는 황정민님 이정재님 입니다 이정재님 눈빛에 지릴뻔했어요 ㄷㄷ"
"165","13시간","5","나쁘지 않은 영화! 액션영화로선 합격이나, 너무 지루한 전개가 흠이다. 1시간 40분? 100분 정도면 될 이야기인데 40분이나 길고, 아메리칸식 조크도 너무 집중력을 흐뜨러뜨려서 재미가 반감된다. 전체적으로 너무 질질 끄는 전개에 진부하다. 요게 옥의 티!"
"166","테스와 보낸 여름","10","올해 본 영화 중에 최고로 꼽는 영화에요.일상의 소중함과 억지스럽게 감동 이끌려는것도 없고 가볍게 갔다가 위로받고 왔어요. 영상미도 너무 예뻐서 실제로 갔다 온 것 같았어요."
"167","테넷","2","전나 불친절하고 말도안되는 그지같은영화... 재밋게 본척들 하지 마세요 ㅜㅜ"
"168","오! 문희","2","멧돼지 추부수퍼 판금박 등 쓰잘데기 없는 씬으로 길어진 러닝타임"
"169","오살","10","완전 재밌게 봤어요.연기 구멍 진짜 없음.갑자기 스카이 캐슬 나왔던 음악이 나와서 딸아이랑 빵~~~터졌지만 진짜 완전 잼있게 봤네요.초등생 6학년 딸과 봤는데 중국 영화가 이렇게 잼있는거 처음 봤다 할 정도로 주인공 연기가 쩝니다."
"170","재심","10","보는 내내 가슴이 너무 아파서 후반부에서는 계속 울면서 봤어요 스토리를 재구성한 부분도 좋지만.    배우분들이 연기를 너무 잘 살려주셨네요ㅜㅜㅠ 너무 감동적이고 안타까운 영화입니다연출,연기공부 하기에도 좋은 영화였습니다:)"
"171","누가 로져 래빗을 모함했나","8","인생에서 웃음만이 유일한 무기가 될 때도 있다. 영화적 플롯과 만화적 문법 사이에 위화감이 있지만, 저멕키스의 톤, 실베스트리의 음악이 구원한다. 제일 만화 같은 마스크, 밥 호스킨스와 크리스토퍼 로이드가 빠지면 누가 또 있겠는가?"
"172","테넷","10","와... 진짜 돈이 안아까운 영화... 보는내나 개쩐다...."
"173","반도","8","현실감은 별로없지만 세트장과 배경이 웅장하고 스릴있었고 배우들의 연기력이 좋아서 긴장감있게 재밌게 봤어요"
"174","#살아있다","1","엑시트 급으로 뻔하고 재미없었음."
"175","기기괴괴 성형수","10","무서워서 오줌지릴뻔해써요하하하ㅏㅎ"
"176","뮬란","1","하....진짜... 최악"
"177","기기괴괴 성형수","1","평점 너무 높아요 시간 아까움"
"178","스파이더맨 3","8","2편이 워낙 명작이어서 그렇지 망작은 아닌듯. 홀랜드랑 가필드 스파이더맨보다는 재밌음...ㅋㅋ맥과이어의 무거운 맛이 없어"
"179","다만 악에서 구하소서","5","황정민 이정재가 살린 영화허무...."
"180","퍼니 게임","6","아들이 도망가서 총만쌌어도... 그래도 가능성있는데.. 죽을 위기의 순간에 왜 총을 못쏴? 이해가안가네"
"181","테넷","10","애써 이해하려 하지말고 아예 머리를 비우고 관람하면 더 재미있어요 ^^"
"182","롱 리브 더 킹: 목포 영웅","10","재밌기만 한데 사람들 수준이 엄청 높나봐요 ^^  김래원 연기짱!!!"
"183","테넷","10","어떻게 이런 생각을 할 수 있지 천재적이야 증말"
"184","#살아있다","1","배우가 아깝다진짜와 영화보고 댓글처음남김 개쌉노잼대체 무엇을위한영화인가."
"185","다만 악에서 구하소서","1","진짜 평점에 속았다... 개연성이라곤 없고 무슨 슈퍼맨 배트맨 마냥 총 칼 맞고 날라다니는게 너무 비현실적이다 진짜 올해 본 영화 중에 최악..."
"186","버드맨","10","말이 필요없다 최고다!!"
"187","#살아있다","2","영화관 못가게 한 코로나가 고마울줄이야..."
"188","인터스텔라","10","인간의 발전을 세시간 내로 압축시킨 작품"
"189","인터스텔라","10","내인생 최고의 영화~인터스텔라 2 제발  나오기를~"
"190","월드워Z","9","잼네요 2013년작인데 우리나라 좀비영화보다 훨 잘 만들었네요"
"191","무서운 집","10","오ㅐ 기생충을 못이겼을까? 세계의미스터리다."
"192","인터스텔라","10","볼때마다 정말 놀랍다.."
"193","롱 리브 더 킹: 목포 영웅","10","보고또봐도 너무 재밌쪄~~~ 사랑한다는말~너무 흔해서 하기싫은말~"
"194","롱 리브 더 킹: 목포 영웅","10","너무재밌게봤어요♡♡♡♡"
"195","반도","4","신파도 이런 신파극이 없네"
"196","뉴 뮤턴트","2","존나짜증나네진짜내시간과돈을돌려내라"
"197","애니멀 크래커","6","8살 아들이 보고싶은 영화라해서 보여줬는데 아들은 재밌게 봤고 엄마입장에선 좀 별루네요...진짜 별루....스토리도 약하고...교육적이지도 교훈적이지도 않아요"
"198","테넷","6","머리 나쁜 나에겐 매우 어려운 내용임 ㅜㅜ"
"199","터널","10","집에서 봤는데 진짜 재미있었음.영화는 다 좋고 긴장감도 있고 진짜 인생영화였는데 터널 공포증이 생겼다..."
"200","터널","10","집에서 봤는데 진짜 재미있었음.영화는 다 좋고 긴장감도 있고 진짜 인생영화였는데 터널 공포증이 생겼다..."
"201","카일라스 가는 길","2","기대가 너무 컸던가 봅니다 ?소재는 훌륭했으나, 영상도 스토리 편집도 많이 아쉬웠고 지루했어요~"
"202","여중생A","1","제가 웬만하면 평가를 안 남기는데 최근에 여자친구때문에 봤습니다. 진짜 최악중에 최악이네요... 감독님의 자질이 심히 문제가 있을만큼요. 영화라고 부르기도 민망한 작품입니다. 좋은 원작내용을 가지고 이정도 밖에 만들지 못한거는 진짜 심각합니다.. 본 작품의 감독님 작품은 아마 두 번 다시 안볼것 같네요;;;"
"203","기기괴괴 성형수","1","이걸 만든 제작사도, 애써 평점 관리를 해주고 있는 네이버도, 둘 다 쪽팔리는 줄 알아야 할 희대의 망작. 감상 포인트를 고르라는데, '없음' 선택지도 하나 만들어줘야 하는 게 양심적이지 않을까?"
"204","테넷","10","시간으로 빚은 아름다운 예술"
"205","강철대오: 구국의 철가방","10","철가방 만세! 짜장면 만세!슬픈역사를 웃프게 표현한 영화. 중간중간 세세한 설명도 있고. 여튼 아픈 영화입니다."
"206","다만 악에서 구하소서","7","제목선정 이유를 잘.."
"207","이별식당","8","답답한가슴을 뻥뚫어주는 그리스배경이 너무도 아름답네요.아무생각없이 기대없이봤는데...배우님들이 다 신인 인듯하네요. 신선하고 좋았어요^^단 너무 주연위주로만 나온듯하여 살짝 지루함?그래도 모르는 배우님들의 연기..신선하고 잘봤습니다."
"208","라이어 라이어","8","옛날개그스러운 면이 많지만 그래도 짐캐리의 풍부한 연기덕분에 자칫하면 식상해질수있는 내용을 재밌게 살렸다. 생각없이 웃고싶은날 보기에 딱 좋음!"
"209","다만 악에서 구하소서","8","재밌게봤다"
"210","테넷","10","크리스토퍼 깜짝놀란 즐겨 느껴"
"211","테넷","2","코로나에 개봉한 이유를 찾았다..이렇게 잼없는 영화를 알바로 평점을...결말도 안보고 나온영화,,내돈주고 봤으면 억울할뻔~안보신분들 그냥 안보는게 정신건강에 좋습니다~~"
"212","화이 : 괴물을 삼킨 아이","10","여러번 볼수록 새로운 영화"
"213","#살아있다","6","시나리오 단계에서는 좋았을 거 같은데.. 영상으로 만들고 배치하는 과정에서 전개가 너무 길어진 거 아닐까?"
"214","반도","1","답.답.하.다..보는 내내 감상 포인트가 없는데...무슨 감상포인트를자꾸 꼽으라는 거냐 네이버..."
"215","박물관이 살아있다 2","9","와 CG도 대박이고 깨알같은 브금트는 천사도 웃기고 생각하는사람헌팅하는 것도 웃기고 나폴레옹 콤플렉스도 웃기고 ㅋㅋㅋㅋ"
"216","#살아있다","1","0점 못주나요 제발 부탁드립니다 0점 주게해주세요"
"217","인터스텔라","10","말이 필요없는 놀란의 타이틀작"
"218","화차","7","사람의 끝자락을 보는 느낌. 하지만 이선균은 미스캐스팅"
"219","판도라","6","꼭 사회적약자가 이 사회를 위해 희생하고,또 그걸 영웅화시켜 영화 만드는거 짜증난다.죽으면 뭐든게 끝이고 죽으면 아무도 알아주지 않는데왜 꼭 스토리를 희생하게끔 만드는거냐.이딴영화 보면서 영웅심리 키우지마라.죽으면 다 쓸데없다.내가 살고봐야지 뭐하는짓이냐윗대가리들은 가만 앉아서 구경이나 하고있고,항상 이런식의 스토리 너무 짜증난다"
"220","다만 악에서 구하소서","8","박정민 최고!!!!"
"221","신데렐라","10","반짝반짝 파란드레스가 너무 예뻐요~♡몸짓 하나하나 귀품있고 통통뛰어가는 모습 조차도 너무 아름다운 그녀. 신데렐라~!"
"222","테넷","2","너무 많은걸 담을려다  재미를 잃었습니다."
"223","스파이","10","중간중간 웃음포인트가 있어서 재밌고, 지루하지 않은 영화 ㅎㅎ"
"224","다만 악에서 구하소서","8","가족과함께 즐거운시간을  보낼수잇는  영화엿어요^^"
"225","하우스 오브 왁스","10","고3때 너무 재밌게 본 공포영화ㅜ스토리며 연기자들 모든게 다잼났음"
"226","다만 악에서 구하소서","6","This is from Matilda"
"227","인썸니아","8","명감독의 명배우. 띵작!!"
"228","마녀","10","김다미의 발견...."
"229","신데렐라","6","신세경 진짜 너무 예쁘더라ㅠ지금과  똑같아 오히려 더 예쁜거같아진짜 자연미인 임"
"230","악마를 보았다","10","한국영화 본것중 탑5에드는영화"
"231","런던 해즈 폴른","10","재밌다. 액션 끝남, 서든어택 보는 줄"
"232","신데렐라","2","신데렐라가순수해보이지않는다"
"233","이프 온리","10","내 인생 최고의 영화라고 감히 말해본다"
"234","기기괴괴 성형수","10","웹툰으로 너무 재미있게봄ㅠㅠ 그래서 별 기대 안했는데 완전 존잼.... 오글거리는 장면도 있었지만....진짜 핵잼꿀잼 완전 잼 스토리도 탄탄하고 웹툰 내용과 크게 안벗어나서 잼나게 봤음요"
"235","감기","10","진짜 재밌네.... 대박이다"
"236","뉴 뮤턴트","1","내가 좋아하는 배우가 있다 - 그런대로 볼만함없다 - 안보는 것이 좋을 것 같음 정말 기대 이하의 스토리 연출 개연성"
"237","얼라이브","10","실화 바탕의 영화가 주는 감동이 크네요. 요즘 만들어졌다면 훨씬 더 자극적으로 만들었을 것 같은데 93년작이어서인지 비교적 담백하게 그려져 나가서 보는데 거부감이 덜하고 여운이 오래 남아요. 근래 레트로가 유행하면서 등장인물들 헤어나 의상도 하나도 촌스럽게 느껴지지 않고 예쁘구요. 여러모로 보석같은 영화네요."
"238","#살아있다","2","왜 좀비가 나타났는지 안나오고또 결론도 딱히 없음영화 실수로 통편집본 올려논거 보는거같음"
"239","테넷","8","다시보기를  두번은 해야할듯..,  액션 멋지고  영상 독특하고  배우들  좋습니다. 정신없이  런닝타임이  획 지나가네요"
"240","날씨의 아이","5","잘할 줄 아는 것에 집중했다는 게 유일한 장점이랄까. 그림체의 한계만큼 분명한 상상의 한계와 이야기 전개의 문제들. 과하게 극적으로 몰아가는 클라이막스와 전형적인 OST."
"241","메피스토","10","사채업자 장우용 배우는 어디서 많이 봤는데닥터프리즈너에서 아.. 찰떡이네영화 생각보다 반전이 있고 주인공들이 재밌네요"
"242","더 테러 라이브","10","진짜 너무 재밌다... 하정우 배우님 진짜 존경핮니다 혼자서 명연기를 하시면서... 근대 스토리 마지막이 새드엔딩 인게 조금 슬프다 그것도 마지막에 건물 무너지면서 뒤에 국회의사당 보이는거 슬프다..."
"243","캡틴 필립스","10","미국한테 깝치면 어찌되는지 보여주는 영화"
"244","베이비 드라이버","6","재주좋은 베이비가 골라준 음악과 리듬타는 법."
"245","뉴 뮤턴트","2","역대급 별로임. 동성애는 뜬금포. 개연성 1도없고 ‘스탑.노우~.’에 모든것이 끝난 영화"
"246","탐정 : 더 비기닝","8","하도 평이 좋아서 너무 기대를 했나 ㅋㅋㅋ 스토리는 괜찮았는데 조연 중에 어색한 연기톤들이 몇몇 보여서 아쉬웠다. 하지만 b급 영화로 생각하면 딱 맞는 느낌 ㅎ 그나름의 매력이 있음.."
"247","다크 나이트","10","진실만으로 살아남는 세상이 되야한다. 와이쏘시리어스 조커의 물음에 대답은 심각하니깐 심각한거다."
"248","한반도","2","'고산자 대동여지도'와 더붙어 강우석 감독이 싸지른 가장 큰 똥"
"249","시간위의 집","9","재밌게 잘보았어요. 효재걱정에 눈물이....ㅜㅠ"
"250","반쪽의 이야기","9","구조속에 운명 그러니까 망가져야 하는 그림을 극복하고 더 좋은  완성도를 위해"
"251","보통사람","10","배우 조달환만 기억나는 영화 연기는 최고 그 이상이었다."
"252","타이타닉","10","여태 노래만 듣다가 사람들이 꼭 보라해서 넷플릭스에 있길래 봤더니 정말 명작이네요..."
"253","반교: 디텐션","9","그렇게 무섭지는 않았는데 공포나 호러보다는 이야기를 풀어나가는 데에 초점이 맞춰져 있었던 것 같아요. 원작 플레이하고 보시면 더 재미나게 보실 수 있을 것 같습니다~"
"254","불량남녀","6","달리기론 이봉주한테도 안진대 ㅎㅎ"
"255","테스와 보낸 여름","8","생각이 많다면 조금은 덜수 있는, 공허하다면 조금은 채워지는, 여운보다 순간이 따듯한 영화"
"256","너를 만난 여름","8","또 한번의 여름이 왔어. 가끔은 내 생각이 나니?"
"257","월플라워","10","다시봐도 역시 좋다"
"258","반도","9","재밌어요"
"259","포드 V 페라리","10","김현수 평론가님 정말 이 영화가 그렇게 간단한 내용을 담고 있는 영화로 보이시는건가요..."
"260","다만 악에서 구하소서","9","재밌어요"
"261","#살아있다","2","절대..보기드문 쓰레기영화.."
"262","오! 문희","1","알바하면 돈 얼마줌 어이가 없어서 눈은 뒀다가 돈에 영혼까지 팔지 ㅋㅋㅋ씹닥구리 개노잼 영화에다가 ㅋㅋㅋㅋ"
"263","강철비2: 정상회담","10","정우성 이랑 일면이 없어서 그러는데요인중에 상처는 먼가요?잘안보이지만 자세히 보면 보임"
"264","기기괴괴 성형수","8","괜찮았음 개인적으로 원작이 더 재밌었음"
"265","명탐정 코난 : 화염의 해바라기","10","키드최고고희도채고다"
"266","뉴 뮤턴트","8","나름 볼만했는데 왜그래들.."
"267","용길이네 곱창집","8","곱창이 먹고 싶다가 생각나서 본 영화.연기파 배우분들 믿고 보기 시작. 중간에 딸내미들 막장 연애스토리 때문에 별하나뺐다. 하지만, 재일교포의 한어린 이야기를 잘 담아낸것같다. 지금같은 한일관계가 안좋은 상황에서 그들은 얼마나 힘들까 싶다."
"268","올드 가드","7","재밌긴한데 지루해요 좀 더 재밌게 만들수 있을것같은데아쉬움"
"269","친절한 금자씨","10","지금 범죄에 대한 처벌이 너무나 약한 현실에..이제서야 보니 뭔가가 통쾌하면서도 슬프고 씁쓸하고...그렇다..."
"270","뉴 뮤턴트","1","내일생일대 영화보다 졸다 나온 영화는 딱 두 편이올시다.  보지마쇼. 그대들의 인생에 94분을 낭비하는 것이올시다."
"271","해리 포터와 아즈카반의 죄수","10","해리포터 시리즈중 젤 재밌고 여섯번은 본듯 ㅠ너무너무조아"
"272","아저씨","10","제발 2가자 새론이 성인되고, 원빈 출소한 배경으로 시기가 딱이다. 소소한 동네 보완관 느낌으로다가 해도 이건 성공한다."
"273","테넷","4","영화가 어려워서 그런지 재미가 없음. 작가주의인 척도 적당히 해야지 돈 처발라서 상업영화 만드는 주제에 적당히를 몰라. 하여간 노잼."
"274","딥워터 호라이즌","10","이런 사실에 근거한 영화들이 나는 좋다"
"275","나를 구하지 마세요","10","가슴이 무너지는 것 같았어요.. 너무 빨리 커버린 아이.. 행복하자 부디"
"276","모정","9","마크가 한국전 때문에 죽었으니까 수인은 김일성의살점이라도 씹어먹고 싶을껄?"
"277","페니 핀처","10","소소한 재미가 있는 수작"
"278","기기괴괴 성형수","8","제목 그대로 기기괴괴했구요 별 기대없이 봤는데 생각보다 볼만했어요 돈 아깝지는 않을정도에요"
"279","기기괴괴 성형수","1","아니 엄마 아빠는 ? 밑도 끝도 없이 끝나네 ,,"
"280","작은 아씨들","10","끊임없이 의심하고 두려워하지만, 결국 아름다웠을 모든 사람들에게.."
"281","몽상가들","10","파리에서의 마지막 탱고는 강간&성폭행이라고 발작하면서 쓰리썸은 아름다운 사랑이라는 페미들~내로남불은 그들이 누리는 특권이거나 정신병이라고 봐야지"
"282","먼 훗날 우리","10","청춘은 가장 아름답고 가장 쓰디 쓴 순간인 것 같다. 조금 지나온 나의 청춘은 후회 덩어리지만 시간은 아직 많이 남았으니 나의 청춘이 후회 말고 활짝 핀 추억으로 남길 ."
"283","다만 악에서 구하소서","8","절대 평가로는 단순하게 힘 빼서 잘 만든 상업영화다. 만화같은 스토리와 액션연출이 충분히 재미있다. 박정민 연기는 압권이었고 황정민의 얼굴은 진짜였다. 그리고 상대 평가로 들어가면 아주 고평가할만한게 최근 줄기차게 말아먹은 대작들과 비교해서다. 괜히 되지않는 연출력으로 이런 저런 영화 짬뽕해서 이도저도 아닌 맹탕 영화보다는 테이큰처럼 장르에 철저히 충실하면서 너무나 익숙하지만 확실한 재미를 보장하는 이런 영화가 지금 한국의 영화시장엔 더욱 필요해 보인다."
"284","기기괴괴 성형수","1","하... 내 돈....머리아픔"
"285","다만 악에서 구하소서","7","알파치노의 '칼리토' 리메이크임 여러곳에서 오마주 또는 차용한 부분이 보임 파나마부터 시작해서.. 마지막 휴양지 액자씬까지 이정재 캐릭터가 국내 영화에는 없던 모습이라 신선했음 중반 이후로는 영화의 긴장도가 늘어짐 2명의 주인공이 너무 초인적이라 그런 듯 최근의 넷플릭스 인간수업도 '칼리토'를 기반으로 함 낙원으로 사랑하는 여인과 도피할 꿈을 꾸지만 결국"
"286","기기괴괴 성형수","1","돈아까움 제발 도망치세요 영화관에 발도들이지마세요 연출 스토리 하나도 맘에안듬"
"287","에이바","1","스티븐시걸이 나타나서 에이바의 목을 꺾었다면 10점짜리 영화였을 것."
"288","지금 만나러 갑니다","8","눈물날 정도로 감동적이였어요"
"289","기기괴괴 성형수","10","그저 사랑받고 싶었을 뿐인데..?"
"290","클리프행어","10","이 스토리로 이정도면 갓명작이다"
"291","#살아있다","10","나 혼자만 보기 아쉬운 영화다."
"292","조조 래빗","10","아이들의 순수함에 감동..."
"293","테넷","10","두번째 봐서야 전체 그림이 어느정도 이해됐어요. 봐도 계속 생각하게하는 영화.놀란은 역시 IMAX로 봐야합니다."
"294","퍼펙트 게임","10","조승우배우... 이제서야 조승우한테 빠져서  그의 작품 몰아보느라  본의아니게 바쁘게 살고있네 ㅎㅎ  최동원을 연기하는 조승우 정말정말 멋지다"
"295","그 남자는 거기 없었다","10","진실과 해석의 차이"
"296","반도","2","여러 영화 뒤섞어서 결국 똥을 만들어냈다...고생했겠지만 한심한 영화...감상포인트 따위없다"
"297","스타워즈: 라이즈 오브 스카이워커","1","개연성이라고는 다 갖다버린 스토리중2병 넘치고 앞뒤가 안맞는 대사중국 무협영화같은 액션아침드라마수준의 등장인물관계"
"298","택시운전사","10","이걸 이제보다니.. 여운이남네요.."
"299","세상을 바꾼 변호인","10","가슴이 웅장해지는 영화였습니다."
"300","카모메 식당","8","공짜 커피를 마시는 핀란드 청년에서 핀란드가 여유로워보이는 이유를 찾은 일본인일까? ㅋ 허례허식...사회의 시선 역할 부담... 과도한 친절의 책임감을 벗어나 유연하고 싶지만 역설적으로 일상의 루틴과 일본의 전통과 긍지를 더  드러내고 싶은 일본인들?"
"301","특종: 량첸살인기","1","도저히 보기 힘들어 스킵하면서 빠르게 본 영화평점 보고 생각과는 너무 높아서 깜짝 놀란 영화....5년전 감성이라기에는 후..."
"302","리:본","10","누가 뭐래도 술안주용으로 딱이었음. 액션도 멋있기만 하던데오늘 또 볼꺼임"
"303","다만 악에서 구하소서","6","태국에 왠 연변출신 매반이..."
"304","연가시","1","시나리오는 좋은데 연출을 못한 케이스."
"305","퍼스트맨","10","달에 착륙한 후 문을 열었을때 나오는 그 정적은 진짜 말로 표현할수가 없다. 빠른 전개와 팡팡 터지는 오락영화를 좋아하는 한국인들의 정서에는 안맞을수 있으니 참고하고 봐라"
"306","에픽 : 숲속의 전설","10","어렸을 때 봤던 영화 중 가장 감명깊게 봐서 아직도 기억하는 영화. 누가 무슨 영화를 가장 재밌게 봤냐 그러면 아직도 이 영화 제목을 얘기한다"
"307","연가시","8","현실이 영화보다 더 무섭다. 영화에선 약을 미리 만들고 숨기고 정부상대로 장사를 할려는건데 현재 우한폐렴이 영화 속 연가시처럼 만들어놓고 팔려던걸 바이러스조차 완성도 안해놓고 심지어 약도 없는데 유출이 됨 당연히 현시점에선 실수로 유출된게 맞음 만약 바이러스가 완성했다면? 영화만큼 극단적이진 않았겠지만 상상만해도 소름끼친다. 딱히 영화가 허점이 많긴하지만 충분히 현실에선 가능한 부분이 꽤 들어있다 이걸 의도한건지 그냥 어쩌다보니 들어맞았는지는 모르나 자연재해보다 인간이 더 무서움"
"308","극장판 짱구는 못말려: 신혼여행 허리케인~ 사라진 아빠!","10","아빠가 꽃을 사고 달려가는 장면에서는 제가 다 설렜어요 ost부분들도 너무 좋았고 아빠의 보물을 얘기하는 장면이나 짱구가 그럼 엄마는 누가 지켜줘?에서 소리질렀네요ㅠㅠ"
"309","캣츠","1","현재 중학교 3학년이고 이걸 볼 때는 2학년이었습니다. 학교 예산이 남았는지 어떤지는 모르지만 학생회 일부가 단체관람을 하려고 갔는데... 50명 정도 가서 49명 잤습니다. 저 혼자 살아남았습니다. 그거도 팝콘 세트 다 못 먹을까봐 깨 있던 겁니다."
"310","하워즈 엔드","3","이거 보다가 진짜 재미없어서 껐는데 ㅋㅋㅋ 요즘 시각으로 보면 스토리가 잘 이해안감"
"311","용길이네 곱창집","1","자식들이 피가 더러운건지 불륜.이혼.상간은 기본탑재했네..한놈은 정신병자..시간 아까운 영화다..피와뼈는 얻어걸린듯..오모니 영화가 손나 재미없어요"
"312","뉴 뮤턴트","8","아우 너무 유치한데 또 그게 재밌엌ㅋㅋㅋ일리야나 너무 멋지고ㅠ 마블이 또 시대를 부족하게라도 읽는지 커플링 너무 좋구요^^"
"313","#살아있다","6","박신혜 연기 늘 너무 똑같아서 안타깝다 영화는 볼만했는데 엔딩이 너무 촌스러웠음"
"314","테넷","7","긴장감 있는 액션 지루하지 않아 좋았는데 내용이 어렵다..넘 어려워~"
"315","연가시","2","설정을 이따구로;;심각"
"316","엘리시움","10","' 이제 엘리시움의 주인이 누구게??? '"
"317","연가시","1","갑갑한 스토리와 비현실성과 주연남자캐릭터의 ㅈ같은 말투의 콜라보. 가족들이랑 통화할때마다 말투 땜에 더 빡침;;"
"318","다만 악에서 구하소서","1","한국 영화판의 현실이지  스토리는 산으로 가고 그냥 배우 명함만으로 막 영화를 찍어내는구나"
"319","인터스텔라","10","놀란 감독과 명배우들, 그리고 한스짐머의 미칠듯한 콜라보"
"320","#살아있다","1","연기가 너무 어색하고리얼리티가 떨어짐"
"321","드래곤 길들이기 3","10","하 사랑해요 너무 좋아 ㅠㅠ"
"322","반도","1","아...  미치겠네....  이게 영화냐..."
"323","카일라스 가는 길","10","순례자의 길은 어떤걸까.순례자는 어떤 사람들일까.굳이 정의내리지 않아도 이 한편의 다큐영화를 통해 이춘숙 어머님과 함께 발걸음을 내딛으며 절로 자연의 티끌같은 존재로서 신을 경외하고 사람들은 사랑하는 순례자가 되는 듯하다.여든이 넘는 이춘숙님의 꿈은 네버엔딩이다. 아흔이 되면 인도로 떠날 준비를 하고계신다고 하니 나이는 숫자에 불과하단걸 보여준다. 앞으로 살날이 몇OO이나 남았다고 자조하는 내 자신을 반성하며 안티에이징에 몸부림치지 말고 아름다운 에이징을 준비하자고 다짐해본다."
"324","미스 스티븐스","10","티모시땜에 봤는데 릴리 레이브의 연기에 반했다"
"325","루키스","1","역겨운 중국짱깨들의 sns중독영화"
"326","뮬란","10","실사 개망작때문에 머리 앓다가 무슈랑 샹 그리고 reflection이 너무 그리워서 원작 애니 봅니다. 원작 애니 뮬란 감동은 그대로다. 내 최애 디즈니 영화.  실사 다시 만들어줬으면 ㅠ 너무 중국입맛에 맞췄다~~ 절대 안봐ㅠ"
"327","나를 구하지 마세요","10","애써 담담한척 괜찮은척하는 모녀가 힘냈으면.."
"328","캣츠","2","진짜 불면증 치료제 될 수 있을거 같음"
"329","다이너소어","10","컴공과라 울면서 봤다 ㄹㅇ 당시 영상미와 웅장하고 화려한 OST에 경의를 표한다."
"330","아오하라이드","5","왠지 모를 어색함 연기가 좀 그렇네"
